name,booth_number,hall
4SQUARE,I27,Pavilion Halls
A&T,BB01,Pavilion Halls
ABSEN,TF10,Jasmine Halls
AERO DIGITAL WORLD PVT LTD,B03,Pavilion Halls
AERO DIGITAL WORLD PVT LTD,TG27,Jasmine Halls
AHUJA RADIOS,TE05,Jasmine Halls
AHUJA RADIOS,TF06,Jasmine Halls
AMIT,TBB05,Jasmine Halls
ANIXTER INDIA PVT LTD,J25,Pavilion Halls
ANSATA,N01,Pavilion Halls
ARIHANT INFOMATICS,LL01,Pavilion Halls
ARIHANT INFOSYS,TG01,Jasmine Halls
ARTHUR HOLM,G25,Pavilion Halls
ATEN,FF01,Pavilion Halls
ATVI,TG19,Jasmine Halls
AUDAC,TE20,Jasmine Halls
AUDCOMM,TD35,Jasmine Halls
AUDIO WIZARD,TB01,Jasmine Halls
AUDIOPLUS,TE05,Jasmine Halls
AURORA MULTIMEDIA,A01,Pavilion Halls
AV MASTER,L35,Pavilion Halls
AV TODAY,TC34,Jasmine Halls
AVIXA,TF20,Jasmine Halls
BARCO,D20,Pavilion Halls
BARCO CONTROL ROOMS ECOSYSTEM,K33,Pavilion Halls
BEENEXT,H33,Pavilion Halls
BEETEK,TD31,Jasmine Halls
BENQ,G01,Pavilion Halls
BETA 3,A15,Pavilion Halls
BIAMP,I10,Pavilion Halls
BLKFIELD,TC05,Jasmine Halls
BXB,E33,Pavilion Halls
CADYCE,H25,Pavilion Halls
CANON INDIA,N10,Pavilion Halls
CAT5,K27,Pavilion Halls
CAVITAK MARKETING PVT LTD,J20,Pavilion Halls
CDM,A20,Pavilion Halls
CFT360 DESIGN STUDIO PRIVATE LIMITED,TD34,Jasmine Halls
CHRISTIE,C01,Pavilion Halls
CIRCLE,TE31,Jasmine Halls
CKS ACOUSTICS INDIA PRIVATE LIMITED,G30,Pavilion Halls
COMCON TECHNOLOGY,TB10,Jasmine Halls
CORNEA,D25,Pavilion Halls
CRESTRON,H01,Pavilion Halls
CT SQUARE LLC,TDD04,Jasmine Halls
CYPRESS TECHNOLOGY CO. LTD.,E20,Pavilion Halls
DAHUA TECHNOLOGY INDIA PVT LTD,TG05,Jasmine Halls
DATAVIDEO,II01,Pavilion Halls
DAYA JAYJUN,TE19,Jasmine Halls
DELTA,I01,Pavilion Halls
DEV ELECTRONICS,L25,Pavilion Halls
DEXON SYSTEMS,TA13,Jasmine Halls
DISPLAY X,TF32,Jasmine Halls
DRITA,TE01,Jasmine Halls
DVSI,C30,Pavilion Halls
EIS,E27,Pavilion Halls
ELITE SCREENS INDIA PVT LTD.,TA05,Jasmine Halls
ENSONIC,TH20,Jasmine Halls
EPSON,K01,Pavilion Halls
EVERGLOW,L10,Pavilion Halls
EXTRON,TB19,Jasmine Halls
FIRSTOUCH,TB05,Jasmine Halls
FOHHN,TH05,Jasmine Halls
FUXING INTERNATIONAL (CHINA) LTD.,TC35,Jasmine Halls
GLOBAL SYSTEMS,TH19,Jasmine Halls
GREENSOURCES,F20,Pavilion Halls
GURU ASTRONICS PVT LTD,TI22,Jasmine Halls
HARMAN,F01,Pavilion Halls
HITECH,B10,Pavilion Halls
HITECH PRODUCTS,TB24,Jasmine Halls
IACTIVE TECHNOLOGY PVT LTD,A25,Pavilion Halls
IBASE,J30,Pavilion Halls
INAVATE,F35,Pavilion Halls
INFONICS,TF05,Jasmine Halls
INFOSOFT DIGITAL DESIGN AND SERVICES PVT LTD,TC40,Jasmine Halls
INM COMMUNICATINS PVT LTD,H30,Pavilion Halls
INOGENI,A01,Pavilion Halls
INTERACTIVE SCAPE GMBH,TF32,Jasmine Halls
INVOKE AUDIO PVT LTD.,TA18,Jasmine Halls
ITALIAN SOUND DESIGN,H37,Pavilion Halls
JABRA,K10,Pavilion Halls
JAYANSH IMPEX,TI21,Jasmine Halls
KMV TECHINFRA PVT LTD,TC40,Jasmine Halls
KONICA MINOLTA BUSINESS SOLUTIONS INDIA PVT LTD,H20,Pavilion Halls
KRAMER,L01,Pavilion Halls
KRYSTALS CABLES INDIA PVT LTD,TDD01,Jasmine Halls
LAMHAS,F30,Pavilion Halls
LEKSA,E25,Pavilion Halls
LIVEY,TDD05,Jasmine Halls
LUMENS,E20,Pavilion Halls
LUMI,TC01,Jasmine Halls
LUMOCAST DIGITAL SIGNAGE LIMITED,D27,Pavilion Halls
MEDIA FACADE,TC14,Jasmine Halls
MERINO INDUSTRIES LIMITED,I25,Pavilion Halls
MILESTONE PRO,M10,Pavilion Halls
MINDSTEC,D10,Pavilion Halls
MINRRAY,TF35,Jasmine Halls
MPTV,G35,Pavilion Halls
MSS (PROJECT),B20,Pavilion Halls
MX-MDR,F27,Pavilion Halls
N-LABS,F25,Pavilion Halls
NANTA TECH,TA10,Jasmine Halls
NAVORI,TB23,Jasmine Halls
NEAT,E10,Pavilion Halls
NEOTOUCH,C35,Pavilion Halls
NETGEAR,H27,Pavilion Halls
NEWTECH VIDEO SYSTEMS PRIVATE LIMITED,TF01,Jasmine Halls
NTECKSYSTEMS LLP,A01,Pavilion Halls
NVINCY,M01,Pavilion Halls
OBSBOT,H30,Pavilion Halls
ONLINE (LOGIC),F10,Pavilion Halls
OPTOMA,C10,Pavilion Halls
OREI LLC,TC20,Jasmine Halls
OSEL,TD01,Jasmine Halls
PEOPLELINK,G10,Pavilion Halls
PERIFICS,C24,Pavilion Halls
PICKCEL,G37,Pavilion Halls
PINK NOISE,L20,Pavilion Halls
PIXEL LED PVT LTD,TD14,Jasmine Halls
PIXELHUE TECHNOLOGY LTD,TH14,Jasmine Halls
PLANAR,G20,Pavilion Halls
PLENEO,TE14,Jasmine Halls
POPE,TC19,Jasmine Halls
PRAMA HIKVISION INDIA PRIVATE LIMITED,TD10,Jasmine Halls
PRINCEBOARD INDIA,TE34,Jasmine Halls
PRO AVL ASIA,TC41,Jasmine Halls
PRO FX TECH LIMITED,C25,Pavilion Halls
QIZAR SOLUTIONS PRIVATE LIMITED,J33,Pavilion Halls
RADIANT,B30,Pavilion Halls
RAMESH ELECTRICALS AND ELECTRONICS,TBB01,Jasmine Halls
RISHABH INCORPORATED,TA01,Jasmine Halls
RIVERA INTERNATIONAL,MM01,Pavilion Halls
S-PAUL AUDIO EQUIPMENT CO. LTD,TC44,Jasmine Halls
SAFE SECURE,TC43,Jasmine Halls
SALIENT TECH,TE15,Jasmine Halls
SAMSUNG INDIA,E01,Pavilion Halls
SEADA TECHNOLOGY LTD,TE01,Jasmine Halls
SENNHEISER,H10,Pavilion Halls
SHENZHEN GEAZAN TECHNOLOGY CO. LTD.,TC42,Jasmine Halls
SHENZHEN HUIDU TECHNOLOGY CO. LTD.,TC10,Jasmine Halls
SHENZHEN KTC COMMERCIAL DISPLAY TECHNOLOGY CO. LTD.,TE47,Jasmine Halls
SHURE,D01,Pavilion Halls
SI ASIA,TA15,Jasmine Halls
SILICON INFRA SOLUTIONS LLP,G27,Pavilion Halls
SIVISION,A27,Pavilion Halls
SMARTPLAYER LLP,D34,Pavilion Halls
SMARTSCHOOL EDUCATION LIMITED,C27,Pavilion Halls
SMARTSTATION,L30,Pavilion Halls
SOUND CONTROL TECHNOLOGIES,G25,Pavilion Halls
STAGEMIX,K25,Pavilion Halls
STAPES INDIA,TC31,Jasmine Halls
SUN INFONET,D01,Pavilion Halls
SUPERTRON ELECTRONICS PVT LTD,TG06,Jasmine Halls
SUPERTRON ELECTRONICS PVT LTD,TG28,Jasmine Halls
SY ELECTRONICS,A01,Pavilion Halls
SYNTEL BY ARVIND,TE35,Jasmine Halls
TEACHMINT,TD18,Jasmine Halls
TECHAAGAM TECH-AV PVT LTD,TI09,Jasmine Halls
TELEVIC,TE10,Jasmine Halls
TITAN INTECH,TH01,Jasmine Halls
TOYO TECHNICAL SERVICES,TB03,Jasmine Halls
TRUECONF,D34,Pavilion Halls
TRUSTECH AV SOLUTION PVT LTD,C22,Pavilion Halls
UNILUMIN,B25,Pavilion Halls
UNIVESO INTEGRATED SOLUTIONS PRIVATE LIMITED,E20,Pavilion Halls
USERFUL CORPORATION,TE45,Jasmine Halls
VEGA PROJECT INDIA PRIVATE LIMITED,J01,Pavilion Halls
VIEWSONIC,K20,Pavilion Halls
VISIONHIRE,TI01,Jasmine Halls
VISUAL TECHNOLOGIES INDIA PVT LTD,TG14,Jasmine Halls
VLINKA TECHNOLOGY CO. LTD,A30,Pavilion Halls
WACOM,TF31,Jasmine Halls
WILDCARD,B01,Pavilion Halls
WILYER,TF33,Jasmine Halls
XI'AN NOVASTAR TECH CO. LTD.,TG22,Jasmine Halls
XTEN-AV,D30,Pavilion Halls
XTREME MEDIA,J10,Pavilion Halls
YAMAHA,I20,Pavilion Halls
YEALINK,B01,Pavilion Halls
ZOAPI,K31,Pavilion Halls
ZORSIKA,TC36,Jasmine Halls
